запрос,частота,точность,тема
как найти инвестора стоимость,458,8,инвестиции
покупка готового бизнеса этапы,4386,10,покупка бизнеса
проверка компании перед покупкой,4634,7,due diligence
поиск инвестора для бизнеса онлайн,599,9,инвестиции
бизнес брокер консультация,5422,7,бизнес брокер
оценка предприятия услуги,2692,9,оценка бизнеса
продать действующий бизнес,5731,10,продажа бизнеса
как продать свой бизнес инструкция,1933,8,продажа бизнеса
проверка бизнеса перед покупкой инструкция,832,8,покупка бизнеса
продать компанию этапы,3394,7,продажа бизнеса
due diligence этапы,5621,8,due diligence
продать законсервированное производство консультация,5648,10,продажа активов
поиск покупателя бизнеса пример,4641,7,продажа бизнеса
продать производство консультация,4629,10,продажа активов
продать производство пример,4584,10,продажа активов
продажа готового бизнеса,2892,8,продажа бизнеса
продать онлайн сервис этапы,896,10,продажа активов
проверка бизнеса инвестором стоимость,3184,7,due diligence
купить действующий бизнес инструкция,1031,10,покупка бизнеса
продать производство онлайн,1891,7,продажа активов
проверка бизнеса перед покупкой пример,1009,8,покупка бизнеса
проверка бизнеса инвестором пример,5876,10,due diligence
бизнес брокер пример,74,10,бизнес брокер
продать производственную компанию инструкция,4490,10,продажа активов
услуги бизнес брокера стоимость,3579,9,бизнес брокер
купить действующий бизнес консультация,4277,10,покупка бизнеса
проверка бизнеса инвестором услуги,759,9,due diligence
как найти инвестора онлайн,3010,8,инвестиции
найти инвестора в бизнес пример,4726,7,инвестиции
купить действующий бизнес цена,2553,7,покупка бизнеса
покупка готового бизнеса пример,2595,9,покупка бизнеса
продать законсервированное производство,4345,9,продажа активов
продать торговую марку инструкция,2748,7,продажа активов
как продать бизнес инвестору,5301,10,продажа бизнеса
оценка компании цена,1542,9,оценка бизнеса
продажа товарного знака инструкция,1349,10,продажа активов
оценка бизнеса перед продажей пример,1690,9,оценка бизнеса
агентство продажи бизнеса,3114,7,бизнес брокер
поиск стратегического инвестора цена,4526,6,инвестиции
найти инвестора в бизнес инструкция,2161,9,инвестиции
помощь в продаже бизнеса этапы,5373,7,бизнес брокер
услуги бизнес брокера,3094,10,бизнес брокер
как найти инвестора цена,828,7,инвестиции
услуги бизнес брокера услуги,4377,10,бизнес брокер
проверка бизнеса перед покупкой,5928,7,due diligence
продать бренд консультация,263,10,продажа активов
как найти покупателя бизнеса онлайн,759,8,продажа бизнеса
продать технологию цена,1819,7,продажа активов
продать онлайн сервис стоимость,5637,9,продажа активов
найти инвестора в бизнес цена,2227,8,инвестиции
покупка готового бизнеса этапы,3032,8,покупка бизнеса
продажа интернет бизнеса консультация,5475,9,продажа активов
купить действующий бизнес пример,4037,8,покупка бизнеса
как продать фирму стоимость,2466,9,продажа бизнеса
как продать компанию,4981,9,продажа бизнеса
оценка стоимости компании инструкция,4528,7,оценка бизнеса
продать бренд цена,5303,9,продажа активов
оценка бизнеса стоимость,991,9,оценка бизнеса
сколько стоит бизнес пример,3937,8,оценка бизнеса
инвестиции в бизнес цена,992,9,инвестиции
купить действующий бизнес этапы,2028,9,покупка бизнеса
покупка бизнеса инструкция,3306,7,покупка бизнеса
продать онлайн сервис онлайн,1888,9,продажа активов
продать непрофильный актив цена,3795,8,продажа активов
продажа оборудования онлайн,662,8,продажа активов
проверка бизнеса перед покупкой онлайн,1808,7,due diligence
посредник при продаже бизнеса этапы,2282,10,бизнес брокер
найти инвестора в бизнес,1494,8,инвестиции
продажа доли компании инструкция,5197,9,продажа бизнеса
проверка компании перед покупкой,1699,7,due diligence
продажа доли ооо стоимость,2626,7,продажа бизнеса
стратегический инвестор инструкция,2267,7,инвестиции
оценка бизнеса пример,1204,7,оценка бизнеса
проверка компании перед покупкой стоимость,4675,9,due diligence
продажа доли бизнеса инструкция,5434,10,продажа бизнеса
продажа интернет бизнеса консультация,3408,9,продажа активов
как продать бизнес конкуренту консультация,2336,10,продажа бизнеса
поиск инвестора для бизнеса этапы,4920,7,инвестиции
как найти инвестора инструкция,1527,6,инвестиции
продажа оборудования цена,3252,8,продажа активов
сколько стоит бизнес инструкция,5260,7,оценка бизнеса
инвестиции в малый бизнес консультация,182,7,инвестиции
проверка компании перед покупкой цена,1199,10,due diligence
due diligence бизнеса консультация,88,7,due diligence
консалтинг продажа бизнеса пример,3712,9,бизнес брокер
сколько стоит бизнес онлайн,1621,8,оценка бизнеса
проверка компании перед покупкой онлайн,5004,10,due diligence
методы оценки бизнеса инструкция,1328,9,оценка бизнеса
как купить бизнес консультация,2444,9,покупка бизнеса
как продать свой бизнес онлайн,2107,10,продажа бизнеса
продать завод стоимость,2713,10,продажа активов
консультант по продаже бизнеса консультация,5706,9,бизнес брокер
сопровождение продажи бизнеса инструкция,2080,10,бизнес брокер
продать законсервированное производство инструкция,1216,7,продажа активов
консалтинг продажа бизнеса стоимость,1086,10,бизнес брокер
due diligence этапы,2481,7,due diligence
как купить бизнес онлайн,2348,7,покупка бизнеса
продать бренд этапы,5744,9,продажа активов
продать технологию инструкция,4359,7,продажа активов
сколько стоит бизнес услуги,2418,9,оценка бизнеса
методы оценки бизнеса этапы,4566,7,оценка бизнеса
поиск стратегического инвестора пример,2885,6,инвестиции
купить действующий бизнес услуги,436,9,покупка бизнеса
методы оценки бизнеса услуги,331,10,оценка бизнеса
стратегический инвестор пример,1880,8,инвестиции
оценка предприятия этапы,5941,10,оценка бизнеса
оценка бизнеса перед продажей услуги,132,8,оценка бизнеса
стратегический инвестор этапы,2012,9,инвестиции
due diligence пример,2143,8,due diligence
покупка доли в бизнесе услуги,5410,8,покупка бизнеса
продажа доли компании услуги,4673,10,продажа бизнеса
продажа производства этапы,2113,9,продажа активов
консалтинг продажа бизнеса,3971,10,бизнес брокер
продать торговую марку цена,4191,9,продажа активов
консалтинг продажа бизнеса инструкция,2667,7,бизнес брокер
расчет стоимости бизнеса инструкция,3466,10,оценка бизнеса
агентство продажи бизнеса инструкция,2615,8,бизнес брокер
как продать бизнес конкуренту онлайн,1506,9,продажа бизнеса
due diligence пример,215,9,due diligence
проверка компании перед покупкой онлайн,5036,8,due diligence
бизнес брокер услуги,948,7,бизнес брокер
оценка бизнеса пример,4209,10,оценка бизнеса
покупка готового бизнеса инструкция,4451,9,покупка бизнеса
инвестиции в бизнес стоимость,4792,6,инвестиции
продажа it бизнеса инструкция,796,8,продажа активов
оценка предприятия услуги,3769,9,оценка бизнеса
найти инвестора в бизнес,645,7,инвестиции
как продать бизнес инвестору консультация,1442,7,продажа бизнеса
оценка стоимости компании цена,4129,10,оценка бизнеса
посредник при продаже бизнеса,3875,9,бизнес брокер
посредник при продаже бизнеса услуги,4423,9,бизнес брокер
поиск покупателя бизнеса этапы,472,10,продажа бизнеса
сопровождение продажи бизнеса этапы,5978,8,бизнес брокер
проверка бизнеса перед покупкой онлайн,4118,9,due diligence
продажа производства этапы,1358,7,продажа активов
сколько стоит бизнес стоимость,3780,7,оценка бизнеса
оценка бизнеса консультация,3164,10,оценка бизнеса
привлечение инвестиций в бизнес этапы,2327,9,инвестиции
поиск инвестора для бизнеса стоимость,4920,6,инвестиции
покупка бизнеса,2365,10,покупка бизнеса
продать непрофильный актив стоимость,5166,9,продажа активов
бизнес брокер стоимость,1459,10,бизнес брокер
поиск стратегического инвестора услуги,4649,6,инвестиции
продажа доли бизнеса стоимость,1055,7,продажа бизнеса
консультант по продаже бизнеса инструкция,3559,8,бизнес брокер
бизнес брокер этапы,2755,9,бизнес брокер
купить готовый бизнес инструкция,3041,8,покупка бизнеса
помощь в продаже бизнеса услуги,4733,10,бизнес брокер
продать актив компании цена,3915,7,продажа активов
продать производство консультация,5725,7,продажа активов
проверка бизнеса инвестором консультация,300,8,due diligence
найти инвестора в бизнес стоимость,4561,8,инвестиции
покупка доли в бизнесе,688,10,покупка бизнеса
найти инвестора в бизнес,5753,8,инвестиции
оценка малого бизнеса пример,2722,9,оценка бизнеса
услуги бизнес брокера цена,193,7,бизнес брокер
как продать бизнес пример,1159,10,продажа бизнеса
due diligence бизнеса консультация,1303,7,due diligence
купить готовый бизнес онлайн,4162,10,покупка бизнеса
как купить бизнес этапы,5356,10,покупка бизнеса
продать актив компании этапы,4390,9,продажа активов
брокер по продаже бизнеса стоимость,5081,8,бизнес брокер
покупка доли в бизнесе этапы,4997,7,покупка бизнеса
продать производство стоимость,3619,8,продажа активов
покупка бизнеса услуги,2954,8,покупка бизнеса
проверка компании перед покупкой,1039,8,due diligence
продажа товарного знака инструкция,2004,10,продажа активов
продать стартап онлайн,4678,7,продажа активов
как купить компанию этапы,1690,10,покупка бизнеса
консалтинг продажа бизнеса этапы,4816,8,бизнес брокер
как купить бизнес онлайн,5785,10,покупка бизнеса
стратегический инвестор услуги,3862,9,инвестиции
консалтинг продажа бизнеса цена,1855,7,бизнес брокер
найти инвестора в бизнес онлайн,5969,8,инвестиции
продажа промышленного оборудования пример,1471,10,продажа активов
аудит бизнеса перед покупкой услуги,4233,8,due diligence
проверка бизнеса перед покупкой цена,5151,10,покупка бизнеса
проверка бизнеса перед покупкой услуги,3855,10,покупка бизнеса
продажа it бизнеса инструкция,1255,7,продажа активов
проверка бизнеса перед покупкой пример,2791,10,due diligence
как найти инвестора стоимость,2814,6,инвестиции
аудит бизнеса перед покупкой пример,2833,10,due diligence
продать производственную компанию пример,1577,10,продажа активов
проверка компании перед покупкой пример,3486,10,due diligence
продажа компании инструкция,2923,7,продажа бизнеса
оценка предприятия стоимость,5307,7,оценка бизнеса
due diligence цена,2458,7,due diligence
оценка компании цена,996,10,оценка бизнеса
услуги бизнес брокера онлайн,5363,10,бизнес брокер
продать законсервированное производство этапы,1709,8,продажа активов
продажа товарного знака услуги,1714,10,продажа активов
продать онлайн сервис стоимость,230,10,продажа активов
оценка бизнеса стоимость,3858,7,оценка бизнеса
как продать бизнес конкуренту онлайн,2086,10,продажа бизнеса
продажа доли компании пример,2796,10,продажа бизнеса
аудит бизнеса перед покупкой пример,4653,7,due diligence
как продать долю бизнеса услуги,5127,9,продажа бизнеса
проверка бизнеса инвестором этапы,3621,10,due diligence
консалтинг продажа бизнеса онлайн,5112,8,бизнес брокер
продать компанию,4357,9,продажа бизнеса
где продать бизнес,3308,9,продажа бизнеса
как купить бизнес,2007,9,покупка бизнеса
продать it компанию онлайн,176,9,продажа активов
due diligence инструкция,2055,7,due diligence
покупка доли в бизнесе,352,10,покупка бизнеса
due diligence этапы,3512,10,due diligence
консалтинг продажа бизнеса этапы,2362,8,бизнес брокер
продажа готового бизнеса онлайн,1021,8,продажа бизнеса
поиск стратегического инвестора онлайн,2606,9,инвестиции
проверка бизнеса перед покупкой консультация,1803,8,покупка бизнеса
как купить бизнес,984,10,покупка бизнеса
бизнес брокер,1444,8,бизнес брокер
консультант по продаже бизнеса этапы,5146,10,бизнес брокер
проверка компании перед покупкой цена,3847,9,due diligence
продать it компанию онлайн,5364,10,продажа активов
оценка малого бизнеса цена,5034,7,оценка бизнеса
аудит бизнеса перед покупкой пример,4804,10,due diligence
продать непрофильный актив этапы,1614,10,продажа активов
продать завод пример,723,9,продажа активов
сколько стоит бизнес услуги,1064,9,оценка бизнеса
поиск инвестора для бизнеса инструкция,1078,6,инвестиции
инвестиции в малый бизнес онлайн,4006,7,инвестиции
проверка бизнеса перед покупкой этапы,5586,9,due diligence
как найти инвестора этапы,5863,8,инвестиции
расчет стоимости бизнеса инструкция,4615,10,оценка бизнеса
проверка компании перед покупкой услуги,5996,8,due diligence
консультант по продаже бизнеса онлайн,4688,7,бизнес брокер
брокер по продаже бизнеса онлайн,4824,9,бизнес брокер
продать действующий бизнес пример,1564,10,продажа бизнеса
методы оценки бизнеса этапы,1133,8,оценка бизнеса
продать технологию пример,5007,9,продажа активов
сопровождение продажи бизнеса этапы,4653,8,бизнес брокер
как продать предприятие пример,4127,8,продажа бизнеса
продажа бизнеса стоимость,543,8,продажа бизнеса
due diligence стоимость,693,9,due diligence
проверка бизнеса инвестором услуги,5938,8,due diligence
купить действующий бизнес консультация,1006,9,покупка бизнеса
консалтинг продажа бизнеса инструкция,3695,8,бизнес брокер
продажа промышленного оборудования цена,3023,7,продажа активов
бизнес брокер инструкция,1114,10,бизнес брокер
как продать бизнес инвестору пример,1162,10,продажа бизнеса
найти инвестора в бизнес стоимость,484,7,инвестиции
сопровождение продажи бизнеса цена,3184,8,бизнес брокер
как купить бизнес стоимость,4495,8,покупка бизнеса
продажа готового бизнеса инструкция,5703,9,продажа бизнеса
сопровождение продажи бизнеса пример,5019,8,бизнес брокер
поиск инвестора для бизнеса этапы,1324,6,инвестиции
продать фирму,2856,10,продажа бизнеса
продать актив компании стоимость,1482,8,продажа активов
расчет стоимости бизнеса услуги,5556,7,оценка бизнеса
стратегический инвестор пример,4483,6,инвестиции
методы оценки бизнеса стоимость,656,10,оценка бизнеса
методы оценки бизнеса инструкция,1235,7,оценка бизнеса
проверка бизнеса перед покупкой консультация,3338,9,due diligence
стратегический инвестор онлайн,5461,6,инвестиции
купить действующий бизнес услуги,1868,7,покупка бизнеса
как продать компанию этапы,2574,9,продажа бизнеса
проверка бизнеса перед покупкой стоимость,3782,9,покупка бизнеса
найти инвестора в бизнес цена,864,9,инвестиции
покупка бизнеса,290,8,покупка бизнеса
проверка бизнеса перед покупкой услуги,3081,9,due diligence
агентство продажи бизнеса,140,10,бизнес брокер
как продать бизнес консультация,702,10,продажа бизнеса
продажа доли компании онлайн,1602,8,продажа бизнеса
продать бизнес инструкция,164,9,продажа бизнеса
продажа компании,3039,8,продажа бизнеса
привлечение инвестиций в бизнес цена,4588,6,инвестиции
как купить компанию услуги,613,7,покупка бизнеса
поиск инвестора для бизнеса,3657,9,инвестиции
продажа оборудования пример,1598,10,продажа активов
как продать долю бизнеса пример,2961,9,продажа бизнеса
посредник при продаже бизнеса консультация,1133,10,бизнес брокер
как продать бизнес инвестору услуги,357,10,продажа бизнеса
как купить компанию цена,3382,8,покупка бизнеса
продажа товарного знака услуги,5409,7,продажа активов
оценка стоимости компании стоимость,5700,7,оценка бизнеса
купить действующий бизнес,1039,8,покупка бизнеса
бизнес брокер консультация,5155,7,бизнес брокер
как купить компанию пример,4278,10,покупка бизнеса
привлечение инвестиций в бизнес инструкция,636,7,инвестиции
консультант по продаже бизнеса цена,4392,10,бизнес брокер
как купить бизнес консультация,289,10,покупка бизнеса
консультант по продаже бизнеса,3317,8,бизнес брокер
due diligence бизнеса цена,3253,7,due diligence
аудит бизнеса перед покупкой инструкция,1578,10,due diligence
как продать бизнес конкуренту инструкция,3332,9,продажа бизнеса
оценка готового бизнеса инструкция,2041,10,оценка бизнеса
посредник при продаже бизнеса инструкция,4701,9,бизнес брокер
как купить компанию инструкция,3051,9,покупка бизнеса
due diligence,2506,8,due diligence
продажа доли бизнеса инструкция,3257,9,продажа бизнеса
как продать компанию этапы,422,7,продажа бизнеса
оценка стоимости компании услуги,2728,9,оценка бизнеса
продажа бизнеса этапы,2279,9,продажа бизнеса
due diligence услуги,2873,10,due diligence
проверка бизнеса перед покупкой услуги,816,9,покупка бизнеса
проверка компании перед покупкой онлайн,3345,7,due diligence
купить действующий бизнес консультация,473,9,покупка бизнеса
продажа товарного знака пример,456,7,продажа активов
продать компанию,1515,10,продажа бизнеса
продажа бренда услуги,3472,7,продажа активов
проверка бизнеса перед покупкой пример,4580,10,due diligence
поиск стратегического инвестора консультация,3420,8,инвестиции
продажа it бизнеса онлайн,2708,9,продажа активов
продать завод этапы,4991,9,продажа активов
due diligence,1778,8,due diligence
как оценить стоимость бизнеса пример,1694,8,оценка бизнеса
инвестиции в малый бизнес,4989,6,инвестиции
проверка компании перед покупкой услуги,5663,10,due diligence
методы оценки бизнеса пример,5437,10,оценка бизнеса
покупка готового бизнеса инструкция,3917,9,покупка бизнеса
как купить компанию услуги,228,7,покупка бизнеса
как оценить бизнес стоимость,1651,9,оценка бизнеса
продажа доли ооо,4882,7,продажа бизнеса
инвестиции в бизнес онлайн,3687,8,инвестиции
инвестиции в малый бизнес этапы,4618,8,инвестиции
продажа готового бизнеса стоимость,3938,7,продажа бизнеса
продажа оборудования стоимость,2224,7,продажа активов
продажа завода онлайн,4287,10,продажа активов
продать бренд пример,3700,9,продажа активов
инвестиции в малый бизнес консультация,5612,9,инвестиции
продажа товарного знака цена,1395,10,продажа активов
due diligence бизнеса цена,4999,8,due diligence
оценка бизнеса перед продажей инструкция,3162,7,оценка бизнеса
консалтинг продажа бизнеса,4917,8,бизнес брокер
сколько стоит бизнес пример,4376,8,оценка бизнеса
аудит бизнеса перед покупкой этапы,640,10,due diligence
как продать предприятие,529,8,продажа бизнеса
проверка бизнеса перед покупкой инструкция,4006,10,покупка бизнеса
продажа доли ооо цена,3373,7,продажа бизнеса
найти инвестора в бизнес услуги,4851,6,инвестиции
due diligence пример,597,10,due diligence
оценка предприятия инструкция,5549,8,оценка бизнеса
брокер по продаже бизнеса этапы,5186,7,бизнес брокер
консультант по продаже бизнеса консультация,5792,9,бизнес брокер
продажа технологии стоимость,1923,9,продажа активов
проверка бизнеса инвестором этапы,3027,10,due diligence
проверка бизнеса инвестором услуги,824,8,due diligence
продать компанию услуги,3208,10,продажа бизнеса
продать долю компании онлайн,53,8,продажа бизнеса
продажа компании пример,4502,7,продажа бизнеса
продажа компании цена,3723,7,продажа бизнеса
оценка стоимости компании консультация,1624,8,оценка бизнеса
помощь в продаже бизнеса пример,5570,9,бизнес брокер
due diligence этапы,4106,7,due diligence
поиск стратегического инвестора онлайн,3640,9,инвестиции
due diligence онлайн,3936,7,due diligence
посредник при продаже бизнеса стоимость,696,10,бизнес брокер
due diligence услуги,5869,10,due diligence
проверка компании перед покупкой консультация,1362,10,due diligence
как продать предприятие стоимость,5560,7,продажа бизнеса
оценка предприятия инструкция,1426,10,оценка бизнеса
бизнес брокер этапы,4870,9,бизнес брокер
оценка бизнеса стоимость,5729,9,оценка бизнеса
due diligence бизнеса консультация,956,10,due diligence
оценка бизнеса этапы,64,8,оценка бизнеса
продажа компании консультация,3660,7,продажа бизнеса
оценка стоимости компании услуги,5395,8,оценка бизнеса
продажа онлайн бизнеса стоимость,2897,8,продажа активов
продажа оборудования онлайн,2860,7,продажа активов
проверка компании перед покупкой стоимость,3974,9,due diligence
проверка бизнеса инвестором этапы,96,7,due diligence
купить действующий бизнес пример,201,9,покупка бизнеса
стратегический инвестор онлайн,921,8,инвестиции
due diligence бизнеса,3943,7,due diligence
покупка доли в бизнесе консультация,2575,8,покупка бизнеса
консультант по продаже бизнеса пример,3886,8,бизнес брокер
расчет стоимости бизнеса консультация,1857,10,оценка бизнеса
брокер по продаже бизнеса цена,1859,9,бизнес брокер
продать производство,442,9,продажа активов
продажа промышленного оборудования инструкция,1496,10,продажа активов
оценка бизнеса перед продажей онлайн,5656,10,оценка бизнеса
продажа доли компании онлайн,1486,7,продажа бизнеса
брокер по продаже бизнеса инструкция,1052,9,бизнес брокер
найти инвестора в бизнес,3809,8,инвестиции
оценка готового бизнеса консультация,2886,7,оценка бизнеса
оценка бизнеса перед продажей цена,1293,9,оценка бизнеса
продать saas бизнес этапы,5006,8,продажа активов
услуги бизнес брокера консультация,621,7,бизнес брокер
проверка бизнеса перед покупкой стоимость,3461,7,due diligence
продать производственную компанию цена,1531,7,продажа активов
бизнес брокер онлайн,2179,8,бизнес брокер
оценка доли бизнеса стоимость,5304,7,оценка бизнеса
купить готовый бизнес инструкция,3275,10,покупка бизнеса
due diligence бизнеса консультация,5967,7,due diligence
продать бренд стоимость,4616,9,продажа активов
проверка бизнеса перед покупкой консультация,3995,8,due diligence
due diligence бизнеса онлайн,634,7,due diligence
как купить бизнес услуги,4133,10,покупка бизнеса
как купить бизнес этапы,939,10,покупка бизнеса
консалтинг продажа бизнеса этапы,5708,7,бизнес брокер
продать оборудование этапы,1375,8,продажа активов
покупка доли в бизнесе онлайн,3729,10,покупка бизнеса
оценка стоимости бизнеса инструкция,2223,7,оценка бизнеса
покупка готового бизнеса инструкция,1306,7,покупка бизнеса
инвестиции в бизнес стоимость,3528,9,инвестиции
купить готовый бизнес стоимость,1548,9,покупка бизнеса
продать законсервированное производство цена,3194,9,продажа активов
продать актив компании стоимость,3117,8,продажа активов
проверка компании перед покупкой цена,3432,9,due diligence
как продать бизнес инструкция,2948,8,продажа бизнеса
купить готовый бизнес этапы,771,7,покупка бизнеса
агентство продажи бизнеса пример,3877,8,бизнес брокер
продать актив компании услуги,5391,9,продажа активов
сколько стоит бизнес стоимость,772,7,оценка бизнеса
оценка бизнеса онлайн,5441,9,оценка бизнеса
привлечение инвестиций в бизнес этапы,2681,8,инвестиции
проверка бизнеса перед покупкой,3894,8,покупка бизнеса
оценка бизнеса перед продажей услуги,227,10,оценка бизнеса
продать завод онлайн,5677,9,продажа активов
оценка предприятия онлайн,570,9,оценка бизнеса
стратегический инвестор инструкция,816,7,инвестиции
покупка доли в бизнесе онлайн,2963,9,покупка бизнеса
продажа доли ооо пример,4722,8,продажа бизнеса
найти инвестора в бизнес услуги,2850,8,инвестиции
покупка бизнеса,599,8,покупка бизнеса
помощь в продаже бизнеса инструкция,2621,9,бизнес брокер
консалтинг продажа бизнеса инструкция,2079,8,бизнес брокер
оценка готового бизнеса консультация,3563,9,оценка бизнеса
брокер по продаже бизнеса услуги,2926,9,бизнес брокер
расчет стоимости бизнеса пример,92,9,оценка бизнеса
посредник при продаже бизнеса услуги,5967,9,бизнес брокер
оценка предприятия услуги,1201,7,оценка бизнеса
бизнес брокер инструкция,1960,8,бизнес брокер
методы оценки бизнеса цена,2188,9,оценка бизнеса
продать завод стоимость,4558,7,продажа активов
посредник при продаже бизнеса пример,5283,9,бизнес брокер
как купить компанию онлайн,2587,10,покупка бизнеса
как оценить стоимость бизнеса стоимость,5747,7,оценка бизнеса
продать компанию пример,1459,7,продажа бизнеса
купить готовый бизнес инструкция,4451,7,покупка бизнеса
как продать компанию этапы,5165,8,продажа бизнеса
покупка готового бизнеса,2100,10,покупка бизнеса
оценка предприятия консультация,2299,10,оценка бизнеса
найти инвестора в бизнес,4198,6,инвестиции
услуги бизнес брокера,1366,7,бизнес брокер
оценка готового бизнеса услуги,1264,10,оценка бизнеса
как купить компанию этапы,2060,7,покупка бизнеса
продажа доли ооо пример,5953,10,продажа бизнеса
как продать бизнес инвестору пример,2681,9,продажа бизнеса
продажа компании этапы,4242,7,продажа бизнеса
продажа компании пример,706,10,продажа бизнеса
инвестиции в бизнес этапы,5151,6,инвестиции
продать компанию стоимость,2643,7,продажа бизнеса
продажа промышленного оборудования,4197,10,продажа активов
купить действующий бизнес цена,5139,9,покупка бизнеса
продать бизнес инструкция,1813,7,продажа бизнеса
стратегический инвестор пример,4627,8,инвестиции
консалтинг продажа бизнеса стоимость,554,7,бизнес брокер
как продать бизнес конкуренту онлайн,1824,8,продажа бизнеса
как найти инвестора цена,4595,8,инвестиции
due diligence бизнеса услуги,4281,10,due diligence
проверка бизнеса инвестором онлайн,3003,10,due diligence
как купить бизнес цена,3997,7,покупка бизнеса
продать it компанию этапы,3873,8,продажа активов
покупка бизнеса,3219,10,покупка бизнеса
оценка бизнеса перед продажей стоимость,2480,8,оценка бизнеса
продажа производства услуги,1908,9,продажа активов
покупка доли в бизнесе услуги,4177,8,покупка бизнеса
продать компанию цена,4625,7,продажа бизнеса
купить действующий бизнес цена,831,8,покупка бизнеса
проверка бизнеса перед покупкой,4299,9,покупка бизнеса
due diligence бизнеса консультация,5004,9,due diligence
due diligence этапы,542,10,due diligence
проверка компании перед покупкой стоимость,4808,7,due diligence
как купить компанию пример,4872,8,покупка бизнеса
брокер по продаже бизнеса цена,5696,9,бизнес брокер
проверка бизнеса инвестором цена,2829,7,due diligence
сколько стоит бизнес пример,4901,9,оценка бизнеса
проверка бизнеса перед покупкой стоимость,2020,8,покупка бизнеса
как продать бизнес инвестору инструкция,5495,8,продажа бизнеса
сколько стоит бизнес инструкция,416,7,оценка бизнеса
аудит бизнеса перед покупкой консультация,377,10,due diligence
проверка компании перед покупкой стоимость,5616,10,due diligence
оценка доли бизнеса пример,1993,10,оценка бизнеса
проверка бизнеса перед покупкой консультация,2763,10,покупка бизнеса
оценка предприятия,355,10,оценка бизнеса
проверка бизнеса перед покупкой пример,1250,10,due diligence
проверка бизнеса перед покупкой услуги,4375,10,due diligence
помощь в продаже бизнеса онлайн,622,7,бизнес брокер
купить действующий бизнес стоимость,3532,9,покупка бизнеса
как найти покупателя бизнеса онлайн,4734,9,продажа бизнеса
due diligence,2077,10,due diligence
продать законсервированное производство стоимость,4533,10,продажа активов
консультант по продаже бизнеса услуги,2339,8,бизнес брокер
due diligence бизнеса стоимость,5183,10,due diligence
due diligence бизнеса онлайн,2486,7,due diligence
проверка бизнеса перед покупкой инструкция,3420,9,due diligence
услуги бизнес брокера онлайн,2643,9,бизнес брокер
найти инвестора в бизнес услуги,5375,8,инвестиции
расчет стоимости бизнеса цена,4499,7,оценка бизнеса
как найти инвестора цена,5909,6,инвестиции
как продать свой бизнес,2301,10,продажа бизнеса
продажа доли ооо цена,1856,8,продажа бизнеса
как найти покупателя бизнеса услуги,1189,8,продажа бизнеса
оценка стоимости бизнеса стоимость,2400,10,оценка бизнеса
бизнес брокер цена,1069,8,бизнес брокер
консультант по продаже бизнеса пример,189,9,бизнес брокер
продать завод цена,4001,7,продажа активов
оценка бизнеса пример,3544,10,оценка бизнеса
проверка бизнеса перед покупкой стоимость,5562,7,due diligence
продать стартап консультация,5158,7,продажа активов
услуги бизнес брокера инструкция,422,10,бизнес брокер
оценка стоимости бизнеса инструкция,137,7,оценка бизнеса
оценка готового бизнеса консультация,832,8,оценка бизнеса
проверка бизнеса перед покупкой услуги,3411,9,due diligence
помощь в продаже бизнеса онлайн,823,7,бизнес брокер
услуги бизнес брокера цена,1104,9,бизнес брокер
покупка готового бизнеса консультация,2032,7,покупка бизнеса
продать действующий бизнес стоимость,2484,7,продажа бизнеса
поиск покупателя бизнеса услуги,3127,10,продажа бизнеса
посредник при продаже бизнеса этапы,2957,8,бизнес брокер
бизнес брокер консультация,5261,7,бизнес брокер
продать торговую марку инструкция,2064,10,продажа активов
покупка бизнеса,5398,7,покупка бизнеса
помощь в продаже бизнеса услуги,4166,10,бизнес брокер
как продать предприятие цена,5956,10,продажа бизнеса
как оценить стоимость бизнеса пример,2841,8,оценка бизнеса
покупка готового бизнеса инструкция,1192,10,покупка бизнеса
купить действующий бизнес услуги,880,10,покупка бизнеса
услуги бизнес брокера пример,122,8,бизнес брокер
продажа бренда консультация,5279,9,продажа активов
оценка доли бизнеса,2107,9,оценка бизнеса
стратегический инвестор,4218,6,инвестиции
привлечение инвестиций в бизнес,4409,6,инвестиции
купить готовый бизнес услуги,5670,7,покупка бизнеса
привлечение инвестиций в бизнес этапы,3357,7,инвестиции
проверка компании перед покупкой консультация,2436,9,due diligence
продажа программного обеспечения инструкция,5660,7,продажа активов
как найти покупателя бизнеса,5689,9,продажа бизнеса
бизнес брокер,3806,9,бизнес брокер
стратегический инвестор пример,5443,9,инвестиции
оценка малого бизнеса,5570,8,оценка бизнеса
как продать долю бизнеса пример,3126,9,продажа бизнеса
сколько стоит бизнес цена,5251,7,оценка бизнеса
продажа интернет бизнеса этапы,4014,8,продажа активов
как найти покупателя бизнеса пример,1046,7,продажа бизнеса
найти инвестора в бизнес стоимость,3419,6,инвестиции
инвестиции в малый бизнес этапы,2670,9,инвестиции
аудит бизнеса перед покупкой пример,4601,9,due diligence
покупка готового бизнеса пример,5640,8,покупка бизнеса
расчет стоимости бизнеса стоимость,3844,8,оценка бизнеса
стратегический инвестор,5464,7,инвестиции
как купить бизнес пример,1134,8,покупка бизнеса
оценка предприятия инструкция,3847,7,оценка бизнеса
покупка готового бизнеса консультация,2762,8,покупка бизнеса
продажа it бизнеса онлайн,4766,7,продажа активов
агентство продажи бизнеса пример,3545,10,бизнес брокер
как продать свой бизнес инструкция,3501,10,продажа бизнеса
оценка доли бизнеса услуги,1361,10,оценка бизнеса
инвестиции в бизнес инструкция,3735,7,инвестиции
оценка предприятия онлайн,5880,8,оценка бизнеса
оценка компании услуги,3428,7,оценка бизнеса
как продать бизнес инвестору онлайн,4716,7,продажа бизнеса
как найти инвестора инструкция,4764,9,инвестиции
продажа компании стоимость,4564,7,продажа бизнеса
покупка доли в бизнесе,4787,8,покупка бизнеса
продажа промышленного оборудования инструкция,409,7,продажа активов
оценка малого бизнеса консультация,4023,7,оценка бизнеса
как найти инвестора этапы,2080,9,инвестиции
поиск стратегического инвестора консультация,2512,7,инвестиции
консалтинг продажа бизнеса инструкция,764,8,бизнес брокер
как оценить стоимость бизнеса услуги,3765,10,оценка бизнеса
как купить бизнес цена,5341,8,покупка бизнеса
поиск стратегического инвестора услуги,1162,8,инвестиции
покупка готового бизнеса стоимость,1391,9,покупка бизнеса
купить готовый бизнес онлайн,3388,9,покупка бизнеса
due diligence бизнеса услуги,4509,7,due diligence
продажа оборудования услуги,3304,10,продажа активов
посредник при продаже бизнеса этапы,4932,9,бизнес брокер
продажа бренда инструкция,2156,7,продажа активов
как найти инвестора онлайн,2522,6,инвестиции
сопровождение продажи бизнеса онлайн,707,9,бизнес брокер
инвестиции в малый бизнес,2719,6,инвестиции
найти инвестора в бизнес онлайн,1106,9,инвестиции
due diligence бизнеса услуги,3298,10,due diligence
брокер по продаже бизнеса инструкция,1650,8,бизнес брокер
посредник при продаже бизнеса услуги,3924,7,бизнес брокер
купить готовый бизнес консультация,3487,10,покупка бизнеса
продать торговую марку цена,3897,7,продажа активов
поиск покупателя бизнеса цена,5557,7,продажа бизнеса
консультант по продаже бизнеса услуги,4453,9,бизнес брокер
как найти инвестора консультация,4165,9,инвестиции
продажа технологии инструкция,3425,10,продажа активов
инвестиции в бизнес стоимость,5695,7,инвестиции
due diligence инструкция,2884,7,due diligence
оценка готового бизнеса услуги,567,7,оценка бизнеса
как найти инвестора пример,3884,7,инвестиции
продажа доли ооо онлайн,5389,10,продажа бизнеса
проверка компании перед покупкой этапы,583,7,due diligence
расчет стоимости бизнеса инструкция,3352,10,оценка бизнеса
как купить компанию этапы,598,7,покупка бизнеса
проверка бизнеса перед покупкой пример,1346,9,покупка бизнеса
продать оборудование консультация,4739,9,продажа активов
аудит бизнеса перед покупкой стоимость,5529,10,due diligence
проверка бизнеса инвестором,815,10,due diligence
продать непрофильный актив этапы,61,9,продажа активов
как найти покупателя бизнеса стоимость,597,10,продажа бизнеса
продать стартап пример,5569,10,продажа активов
агентство продажи бизнеса пример,2321,7,бизнес брокер
продажа активов компании цена,5871,9,продажа активов
помощь в продаже бизнеса услуги,4396,10,бизнес брокер
проверка бизнеса инвестором,1014,9,due diligence
посредник при продаже бизнеса пример,928,9,бизнес брокер
продать торговую марку цена,1182,7,продажа активов
инвестиции в малый бизнес инструкция,185,6,инвестиции
проверка бизнеса перед покупкой этапы,510,8,due diligence
оценка стоимости бизнеса онлайн,2147,10,оценка бизнеса
продать производство,4458,8,продажа активов
due diligence бизнеса стоимость,257,9,due diligence
бизнес брокер пример,3049,9,бизнес брокер
оценка бизнеса,1699,7,оценка бизнеса
посредник при продаже бизнеса,871,10,бизнес брокер
как купить компанию цена,4330,10,покупка бизнеса
аудит бизнеса перед покупкой инструкция,3949,10,due diligence
найти инвестора в бизнес,4777,9,инвестиции
найти инвестора в бизнес консультация,1965,7,инвестиции
расчет стоимости бизнеса услуги,2661,10,оценка бизнеса
сопровождение продажи бизнеса,5905,7,бизнес брокер
бизнес брокер,1367,7,бизнес брокер
покупка бизнеса цена,1743,10,покупка бизнеса
проверка компании перед покупкой онлайн,2475,10,due diligence
как купить компанию услуги,3570,10,покупка бизнеса
due diligence пример,2882,9,due diligence
помощь в продаже бизнеса,153,10,бизнес брокер
брокер по продаже бизнеса инструкция,5418,7,бизнес брокер
как найти инвестора пример,5062,7,инвестиции
расчет стоимости бизнеса,2225,7,оценка бизнеса
продать софт цена,4795,8,продажа активов
продажа доли бизнеса,930,8,продажа бизнеса
купить действующий бизнес цена,5713,9,покупка бизнеса
посредник при продаже бизнеса пример,936,9,бизнес брокер
стратегический инвестор пример,2628,7,инвестиции
как найти инвестора этапы,2904,9,инвестиции
консультант по продаже бизнеса пример,281,7,бизнес брокер
проверка компании перед покупкой этапы,990,7,due diligence
продажа доли компании,1392,8,продажа бизнеса
проверка бизнеса перед покупкой этапы,4361,7,покупка бизнеса
поиск стратегического инвестора инструкция,610,9,инвестиции
продать актив компании стоимость,1456,8,продажа активов
сколько стоит бизнес консультация,2014,9,оценка бизнеса
продажа программного обеспечения пример,2957,10,продажа активов
как купить бизнес услуги,3085,7,покупка бизнеса
продать действующий бизнес этапы,1145,10,продажа бизнеса
инвестиции в малый бизнес инструкция,4975,7,инвестиции
проверка компании перед покупкой,3304,8,due diligence
методы оценки бизнеса инструкция,5205,7,оценка бизнеса
продать онлайн сервис стоимость,2364,9,продажа активов
посредник при продаже бизнеса инструкция,3794,9,бизнес брокер
консалтинг продажа бизнеса услуги,4814,8,бизнес брокер
